idCliente|NIF|Nombre|Apellido1|Apellido2|Sexo|Direccion|Municipio|Provincia|CP|Comunidad|Movil|Telefono|Correo|Nacimiento
1|8899616E|Adrián|Fernández|Rey|H|Plaza  Septentrional Verde 149, 5|Vitoria|Álava|1440|País Vasco|684 680 588|945 796 001|afernandez@correo.es|07/09/1974
2|43238429 Q|José|Hernández|Domínguez|H|Paseo de  Estratega Joven 57, 1º|Vitoria|Álava|1271|País Vasco|625265233||josehernandez@mail.net|20/09/1937
3|78747399|Julia|Romero|Tena|M|Avenida Ocasión 83, 1º 5ª|Vitoria|Álava|1606|País Vasco|671737062||juliaromero51@mail.es|28/02/1963
4|91929848k|Raquel|Puebla|Álvarez|M|Calle Trapezoide Prolijo 84, 3º|Vitoria|Álava|1205|País Vasco||945562191|raquel.puebla@correo.com|23/07/1981
5|24485203-R|Alberto|Gomis|Vázquez|H|Paseo Hemograma 233, 6|Almansa|Albacete|2552|Castilla La Mancha|||agomis@mail.es|04/04/1956
6|39375059W|Antonia|Nieto|Osuna|M|Avenida  Desahogo 231, 5º 2ª|Albacete|Albacete|2192|Castilla La Mancha|692 640 206||antnieto77@mail.net|13/03/1947
7|90807766-V|Juan|Rodríguez|Millán|H|Plaza  Preservación 246, 4º|Hellín|Albacete|2865|Castilla La Mancha|654999998|967609980|rodriguez87@correo.net|20/02/1988
8|67303411y|Laura|Pereira|Conde|M|Plaza Víscera Santa 16, 5|Albacete|Albacete|2520|Castilla La Mancha|607381915|967790452|laura.pereira@correo.es|26/04/1988
9|09153621N|Ana María|García|Mejía|M|Plaza el Neoclasicismo Mentiroso 144, 4º|Torrevieja|Alicante|3542|Valencia|620 930 815||anamariagarcia70@mail.net|20/02/1933
10|58807708-C|Inmaculada|Barrios|Sánchez|M|Calle Adjetivo 96, 4º 1ª|Elda|Alicante|3791|Valencia||968-228-001|inmaculadabarrios27@mail.es|30/06/1983
11|24940055M|Jesús|Márquez|Palacios|H|Plaza del Plancton 44, 5º 3ª|Santa Pola|Alicante|3777|Valencia|656012630|963296037|marquez35@correo.net|11/09/1973
12|93372286Z|Julián|Herrero|Valero|H|Paseo de la Precipitación Hermosa 254, 2º|San Juan de Alicante|Alicante|3648|Valencia|626965586|963138117|julherrero@email.net|08/04/1989
13|68078686C|Laura|Moreno|López|M|Plaza Bajorrelieve 42, 5º 2ª|Jávea|Alicante|3662|Valencia||969304047|laumoreno47@correo.es|10/11/1989
14|75158387E|María Amparo|Valdivieso|Cabrera|M|Calle el Comunicativo 35, 4|Orihuela|Alicante|3906|Valencia|609180727||mar.valdivieso@correo.com|12/01/1951
15|48683678S|María Teresa|Leiva|Cruz|M|Calle lo Irreversible 108, 6|Torrevieja|Alicante|3278|Valencia|||marileiva@mail.es|22/12/1939
16|16827993C|Rosa María|López|Caballero|M|Avenida de la Exigencia 175, 3|Torrevieja|Alicante|3848|Valencia|699961760||roslopez@mail.com|25/10/1936
17|91942883S|Fernando|Alonso|López|H|Plaza Fraternidad 57, 5|Vícar|Almería|4467|Andalucía|655-092-451||fernandoalonso@mail.es|25/12/1947
18|93345107K|Fernando|Dopico|Crespo|H|Plaza Nobiliario Amoroso 197, 3º 6ª|Almería|Almería|4095|Andalucía||950-402-927|fernandodopico6@email.com|26/02/1982
19|97978411K|María|Blanco|Gómez|M|Paseo Transitivo Difícil 279, 6º 3ª|Almería|Almería|4894|Andalucía|677419490||m.blanco@correo.net|03/01/1950
20|70525299P|Miguel|Rodríguez|Martínez|H|Avenida  Bario Cómico 41, 1|Almería|Almería|4038|Andalucía|614085372|950260106|migrodriguez13@correo.es|19/08/1992
21|39099308K|Francisco|Calderón|Gómez|H|Calle Grandiosidad Alta 136 bis, 1|Ávila|Ávila|5124|Castilla y León|698-334-136|920-038-074|fra.calderon@correo.com|26/07/1994
22|77406700Q|María José|Asenjo|Ríos|M|Avenida Envase Frío 100, 5|Villanueva de la Serena|Badajoz|6419|Extremadura||924010310|mar.asenjo@mail.net|26/03/1992
23|60862474N|Carmen|Díaz|Comas|M|Plaza de la Gimnasia 156, 5|Palma de Mallorca|Islas Baleares|7106|Baleares|669 349 784||cardiaz20@email.com|22/11/1952
24|01613742Q|Daniel|Blázquez|Sánchez|H|Calle Prehistoria Llorosa 51, 4º 5ª|Palma de Mallorca|Islas Baleares|7729|Baleares||971-063-322|danblazquez@email.com|02/06/1979
25|20816600J|Iván|Cruz|Sastre|H|Calle  Brevedad 9, 1|Llucmajor|Islas Baleares|7233|Baleares|656-315-250||ivacruz@email.com|14/05/1952
26|59904432N|José|Casado|Camps|H|Avenida Transitivo Rápido 233, 5º 2ª|Llucmajor|Islas Baleares|7773|Baleares|639-351-821||jcasado44@email.net|04/05/1944
27|40467977Y|Laia|Andreu|López|M|Calle  Adverbio Suculento 44, 1|Palma de Mallorca|Islas Baleares|7593|Baleares|674425532|971851951|landreu94@correo.net|14/08/1982
28|14387263G|Rosa María|Diallo|Revilla|M|Paseo Predilección Amorosa 216, 2º 4ª|Manacor|Islas Baleares|7888|Baleares|615116223|971895711|rosdiallo17@mail.net|15/07/1989
29|24352512C|Alberto|Mendoza|Martin|H|Avenida la Concepción Marrón 174, 4º|Barcelona|Barcelona|8270|Cataluña|652 111 374||alb.mendoza@correo.com|04/12/1949
30|44166614J|Ana|Lillo|Pardo|M|Calle Verboides Gentil 180, 4|Barcelona|Barcelona|8665|Cataluña|||ana.lillo@mail.es|07/09/1960
31|16016967C|Ana Isabel|Garcés|Hernández|M|Calle Plancton Aurífero 125, 4|Barcelona|Barcelona|8466|Cataluña||934 982 785|angarces@correo.com|30/05/1988
32|84963229X|Ana Isabel|Salva|Ruiz|M|Paseo del Verbo Lento 16, 4º|Barcelona|Barcelona|8338|Cataluña|649 345 787|934 355 869|ansalva98@email.net|19/09/1989
33|01164391Q|Andrea|Solorzano|Abascal|M|Avenida de  Derivación 286, 4|Barcelona|Barcelona|8945|Cataluña|603 298 288|934 745 303|andreasolorzano71@mail.net|29/01/1977
34|01627358Q|Antonia|Hurtado|Fernández|M|Plaza de  Conversación 214, 2º 5ª|San Baudilio de Llobregat|Barcelona|8872|Cataluña|||ahurtado21@email.net|29/10/1964
35|34572767H|Antonia|Vilalta|Mena|M|Avenida de  Explosión Amorosa 108, 5|Barcelona|Barcelona|8168|Cataluña|670 407 654||antoniavilalta85@mail.com|06/02/1937
36|80815443K|Antonia|Ibáñez|Borras|M|Avenida Excursión 174, 1|Barcelona|Barcelona|8135|Cataluña|||ibañez9@email.com|30/12/1944
37|62074290G|David|Veiga|Gil|H|Calle de la Decadencia 99, 3º 6ª|Tarrasa|Barcelona|8574|Cataluña|689-307-544|934-723-410|david.veiga@mail.net|28/12/1971
38|55196141M|Francisco|Sánchez|García|H|Avenida del Predecesor 234, 1º|Barcelona|Barcelona|8548|Cataluña|607-705-210||f.sanchez@correo.es|20/10/1933
39|64853200P|Isabel|Ballesteros|Aguilar|M|Plaza la Intencionalidad Bondadosa 186, 4º 3ª|Sabadell|Barcelona|8043|Cataluña||935-845-119|iballesteros@mail.es|10/02/1971
40|23141397Q|Iván|García|Ortiz|H|Paseo Ocasión Estricta 31, 6º 6ª|Igualada|Barcelona|8764|Cataluña|629-443-565||igarcia@email.com|16/01/1932
41|46426614X|Jaime|Cardona|Tenorio|H|Paseo la Admisión 86, 5º|Moncada y Reixach|Barcelona|8526|Cataluña||933-854-069|jcardona@correo.es|24/02/1988
42|79744289T|Josefa|Diez|Cabrera|M|Paseo de la Abnegación Dulce 218, 4|Barcelona|Barcelona|8790|Cataluña|647429594||josefadiez@correo.net|29/04/1954
43|45439465K|José Antonio|Ojeda|Guzmán|H|Paseo del Abrasivo Frío 147, 5|San Juan Despí|Barcelona|8549|Cataluña|697158831||jojeda@mail.net|02/06/1939
44|33127209X|José Luis|Mora|García|H|Avenida Verbo 268, 4º 3ª|Hospitalet de Llobregat|Barcelona|8693|Cataluña|618284564||mora58@email.es|24/06/1964
45|36212958X|José Luis|Sevillano|Fernández|H|Avenida la Objeción 12, 6º 6ª|Barcelona|Barcelona|8246|Cataluña|665639870||joseluissevillano60@mail.es|10/09/1959
46|22051082Q|José Manuel|Martínez|Pascual|H|Plaza Confesión Pequeña 50, 3º 5ª|Mataró|Barcelona|8693|Cataluña|||josemanuelmartinez@correo.es|01/10/1966
47|31720602Z|José Manuel|Ramírez|López|H|Paseo  Dilúbrido 97, 1º 1ª|Ripollet|Barcelona|8238|Cataluña||938479855|jos.ramirez@mail.com|23/10/1972
48|72486062K|José María|Morales|Criado|H|Calle Resistencia 66, 1|Santa Coloma de Gramanet|Barcelona|8198|Cataluña|||jos.morales@correo.es|16/03/1932
49|09563557L|Juan|Pagés|Angulo|H|Paseo Congruencia Aburrida 201, 4|Santa Coloma de Gramanet|Barcelona|8045|Cataluña||||
50|92949624T|Juan|García|Barroso|H|Paseo Triptongo 22, 3º|Manresa|Barcelona|8489|Cataluña|695-730-715||garcia1@mail.es|23/06/1964
51|74374652N|Juan José|Domínguez|Mármol|H|Plaza Preservación Hermosa 206, 5º 4ª|Sant Cugat del Vallés|Barcelona|8697|Cataluña||932196251|juanjosedominguez@email.es|22/07/1980
52|68040682N|Manuela|Cano|Martínez|M|Calle de  Excepcional 46, 3º|Barcelona|Barcelona|8882|Cataluña|635326800|931638066|mancano@mail.com|24/07/1994
53|62704849H|Marc|Luna|Pérez|H|Calle del Vivíparo 273, 2|Rubí|Barcelona|8529|Cataluña|635706175|936779149|marluna68@correo.es|25/10/1997
54|35920512D|María Carmen|Pardo|González|M|Avenida de  Adverbio 136, 2|Tarrasa|Barcelona|8926|Cataluña|640641438||maripardo@email.net|01/01/1950
55|84913524P|Tomas|Contreras|Aguado|H|Paseo el Bovino Blanco 276, 6º 1ª|Barcelona|Barcelona|8100|Cataluña|690371439||tom.contreras@email.es|25/06/1939
56|29038089Z|Antonio|Vázquez|Pozo|H|Plaza  Coherencia Cauta 59, 4º|Chiclana de la Frontera|Cádiz|11691|Andalucía|688 376 869||ant.vazquez@mail.net|16/12/1935
57|45659750N|Emilio|Ros|Sánchez|H|Avenida el Retículo 45, 6º 6ª|Jerez de la Frontera|Cádiz|11601|Andalucía|||eros31@email.es|02/09/1942
58|90162024T|Francisca|Pop|Ortiz|M|Calle Movilidad Aburrida 259, 5|Cádiz|Cádiz|11133|Andalucía||956-145-993|fra.pop@mail.com|21/06/1986
59|37560047N|Josefa|Manzano|Villegas|M|Plaza Agobiante Cortés 1, 5º|Jerez de la Frontera|Cádiz|11756|Andalucía||956378491|josmanzano59@mail.com|12/11/1993
60|52559219X|Juan|Palomo|García|H|Calle Imprescindible Ansioso 229, 6º 6ª|Cádiz|Cádiz|11558|Andalucía|652445284||palomo3@correo.com|18/05/1960
61|96769672R|Juan|Novoa|Zapico|H|Calle Histológico 169, 1º 2ª|Algeciras|Cádiz|11561|Andalucía|685027538||jnovoa@email.es|02/08/1938
62|87592264F|Manuel|Ruiz|Abellán|H|Plaza Movilidad 16, 4º|Algeciras|Cádiz|11398|Andalucía|||manruiz44@email.com|01/03/1933
63|21430374D|Marta|Fernández|Torres|M|Paseo Hidrólisis Marrón 43 bis, 1º 5ª|Jerez de la Frontera|Cádiz|11644|Andalucía||956314100|m.fernandez@mail.com|26/10/1987
64|24471101K|María Luisa|Pérez|Jiménez|M|Avenida Disección 236, 3|Jerez de la Frontera|Cádiz|11549|Andalucía|||perez53@mail.es|27/12/1948
65|77054513M|Ramón|Gómez|Olmo|H|Calle Selectividad Lista 24, 3º 3ª|La Línea de la Concepción|Cádiz|11117|Andalucía|||gomez19@email.es|27/12/1953
66|72293170F|Alberto|Marín|Valles|H|Plaza Conversión 26, 5|Castellón de la Plana|Castellón|12061|Valencia|||marin62@email.es|08/09/1932
67|05417480Z|Manuel|Gándara|Ayala|H|Calle  Convivencia 256, 2º|Vinaroz|Castellón|12853|Valencia|688266120||mgandara17@email.net|16/09/1969
68|91833316C|Pedro|Galván|Sánchez|H|Calle de  Partenocarpia Ancha 159, 3|Castellón de la Plana|Castellón|12024|Valencia|653301363|964152524|pedgalvan91@correo.com|27/07/1983
69|42894639F|Alberto|Fernández|Nadal|H|Avenida Vuelta Prolija 117, 6º|Córdoba|Córdoba|14651|Andalucía|656-401-004|957-724-484|fernandez67@email.net|22/02/1986
70|77617556P|José María|Martin|Gómez|H|Calle de la Conductividad 268, 5º|Córdoba|Córdoba|14676|Andalucía|619402122||josemariamartin@correo.net|29/11/1948
71|82081123B|José María|Romero|Gómez|H|Calle el Crecimiento 39, 6º|Córdoba|Córdoba|14375|Andalucía|657129322||josromero@mail.com|03/06/1940
72|69466988L|Juan José|Córdova|Vázquez|H|Avenida Ovovivíparo Mentiroso 171, 3|Córdoba|Córdoba|14393|Andalucía|666390719||juacordova39@mail.net|01/12/1947
73|40686279S|María Jesús|Pérez|León|M|Paseo Vocabulario Malo 266, 6º|Lucena|Córdoba|14307|Andalucía|679558887|957167023|perez70@correo.com|24/09/1979
74|55988453J|Ana María|Talavera|Galán|M|Paseo  Diezmo Deportivo 172, 2º|La Coruña|La Coruña|15272|Galicia|||anamariatalavera@correo.net|04/09/1945
75|45362837Y|Concepción|Asensio|Gómez|M|Avenida Verbo Listo 251, 2º 5ª|La Coruña|La Coruña|15045|Galicia|621 085 153|981 715 777|casensio@mail.com|19/11/1995
76|59658894E|Marcos|Dávila|Camps|H|Avenida Violencia Triste 240, 2º 6ª|Santiago de Compostela|La Coruña|15430|Galicia|695-544-778|981-973-225|davila86@email.es|24/11/1979
77|18836849X|María Dolores|López|García|M|Plaza del Víbora Inteligente 166, 1º 2ª|Santiago de Compostela|La Coruña|15910|Galicia|683726020|981510619|lopez21@email.es|03/01/1989
78|58036910K|María Pilar|Corbalán|Escobar|M|Plaza  Persuasión Malcriada 268, 6|Ribeira|La Coruña|15797|Galicia|697-964-529||corbalan57@email.com|12/06/1942
79|69135979A|María Victoria|Gallego|Campos|M|Paseo de  Monohíbrido Compasivo 124, 4º|Arteijo|La Coruña|15141|Galicia|677245392||mgallego@correo.es|28/07/1954
80|06404319S|Xavier|Castro|Torres|H|Avenida el Genoma 72, 5º 6ª|Santiago de Compostela|La Coruña|15341|Galicia||981448995|xav.castro@correo.net|23/03/1998
81|84015813X|José Carlos|Plaza|Carmona|H|Plaza de  Tradición 276, 3|Figueras|Gerona|17026|Cataluña|633459957||josecarlos.plaza@mail.es|10/11/1931
82|91157301K|Juana|Ibarra|Almeida|M|Calle Jilguero Estricto 116, 4º|Gerona|Gerona|17359|Cataluña|662614366||juanaibarra@correo.net|14/07/1966
83|14028722X|Amparo|Beltrán|García|M|Calle Buenaventura Gélida 259, 5º 4ª|Granada|Granada|18042|Andalucía|||beltran71@mail.com|21/03/1957
84|23930802S|Andrés|Barceló|Sánchez|H|Paseo Convalescencia 184, 1º 5ª|Motril|Granada|18959|Andalucía|||abarcelo@correo.com|13/11/1964
85|79391759Z|Concepción|Luque|Albarrán|M|Calle Abdicación Marrón 218, 2º|Granada|Granada|18422|Andalucía|679-690-168||concepcionluque@correo.com|28/02/1931
86|46316671F|Miguel|Sanz|Álvarez|H|Plaza Bajorrelieve Menguante 269, 1º|Maracena|Granada|18800|Andalucía||958382945|miguelsanz@correo.net|19/06/1987
87|47481660T|Alba|Montaña|Ros|M|Avenida Dihíbrido 231, 2|Huelva|Huelva|21257|Andalucía|||amontaña42@email.es|27/02/1961
88|81635708Z|Antonio|Estébanez|Miras|H|Paseo  Relativo Mentiroso 271, 1|Huelva|Huelva|21516|Andalucía|||antonioestebanez@email.net|28/10/1942
89|47261879F|Andrés|Gutiérrez|Navarro|H|Avenida Heptágono 252, 6|Jaén|Jaén|23924|Andalucía|679 407 046|953 931 102|agutierrez@email.es|02/07/1980
90|55568824L|Manuel|Moya|Iglesias|H|Plaza de la Hidrólisis 11, 2º 2ª|Jaén|Jaén|23593|Andalucía|667773938||mmoya@email.es|14/01/1964
91|76485026K|Rocío|Ribera|Barrientos|M|Calle de  Transformación Santa 76 bis, 1º|Jaén|Jaén|23286|Andalucía|645403196||ribera1@mail.com|16/12/1943
92|50810299X|Antonio|Velásquez|Diz|H|Avenida el Comunicativo 129, 5º|Lérida|Lérida|25132|Cataluña|||velasquez80@correo.net|12/11/1954
93|96740083J|Manuel|Díaz|Giménez|H|Avenida Deslizamiento Respetuoso 163, 6º 2ª|Lérida|Lérida|25996|Cataluña||973737059|manueldiaz63@correo.com|26/08/1995
94|12756098E|Rosa María|Navarro|Expósito|M|Avenida de la Desvalorización Sincera 9, 6|Lérida|Lérida|25922|Cataluña|690262047|973099494|navarro18@mail.com|26/08/1990
95|40976687W|Ángel|Cózar|Hernández|H|Paseo Subordinación Bonita 15, 4|Lugo|Lugo|27675|Galicia|609 347 662|982 132 190|ang.cozar@email.net|26/12/1983
96|24407358B|Alba|Navarrete|Contreras|M|Calle de  Enlace 148, 4º 2ª|Ciempozuelos|Madrid|28265|Madrid|658 290 803|914 305 926|alba.navarrete@email.com|20/02/1991
97|11473613V|Antonio|Ríos|Maroto|H|Paseo del Hemisferio 52, 3º|Madrid|Madrid|28532|Madrid|670 097 219||antrios@correo.es|23/08/1969
98|40353140P|Dolores|Sánchez|Martínez|M|Plaza Bullicio Etéreo 106, 4º|Alcobendas|Madrid|28197|Madrid|||dolores.sanchez@correo.com|31/08/1940
99|02787150X|Francisca|Nieto|Alcalde|M|Plaza Implícito Ácida 202, 4|Madrid|Madrid|28152|Madrid|||franciscanieto69@email.net|22/04/1932
100|37439986B|Francisco|Pascual|Hidalgo|H|Calle de la Grandiosidad 15, 2|Madrid|Madrid|28762|Madrid|610488826|91 665 61 18|pascual71@mail.net|09/02/1989
101|51434681B|Francisco|García|Cobos|H|Plaza de  Aliteración Ácida 92, 4º 2ª|Las Rozas de Madrid|Madrid|28012|Madrid|||fgarcia65@correo.es|19/09/1942
102|00954118D|Iván|Menéndez|Velázquez|H|Paseo Intraespecífica Respetuosa 185, 5º|Madrid|Madrid|28489|Madrid||(91) 400 99 30|menendez96@correo.es|12/02/1998
103|80496481T|Jorge|Martin|Barba|H|Paseo Torbellino 22, 1º 5ª|Madrid|Madrid|28413|Madrid|630631852||jormartin@correo.es|25/10/1955
104|79497767S|Josefa|Nieto|Ariza|M|Avenida de la Abstracción 292, 1º|Alcalá de Henares|Madrid|28373|Madrid|603163875||josnieto@email.net|28/07/1961
105|58363209L|Josep|Chacón|Pablo|H|Calle Congruencia 38, 5º 1ª|Leganés|Madrid|28040|Madrid|||j.chacon@correo.net|21/10/1931
106|79374774A|José Manuel|Martin|Hernández|H|Paseo  Homónimo Maduro 299, 6|Madrid|Madrid|28318|Madrid|||jos.martin@mail.es|04/11/1947
107|08435697X|Juan|López|Maldonado|H|Paseo Neoclasicismo 46, 1º|Madrid|Madrid|28345|Madrid|||jualopez@email.es|31/03/1960
108|64146094Z|Juan|García|Fernández|H|Calle el Adhesivo Amoroso 79 bis, 6º 1ª|Aranjuez|Madrid|28199|Madrid|649349140|(91) 168 86 48|juagarcia31@mail.net|12/04/1975
109|92201576G|Juan José|Cepeda|Sales|H|Paseo Levítico 259 bis, 4º 5ª|Alcorcón|Madrid|28465|Madrid|||j.cepeda@mail.es|05/01/1941
110|26240844Y|Laura|Pastor|Monfort|M|Paseo la Posesión Sensata 30, 4º 3ª|Madrid|Madrid|28340|Madrid|||lpastor@email.com|06/07/1938
111|37153188T|Laura|Manzano|Gracia|M|Avenida Conductividad 107, 5º|Madrid|Madrid|28422|Madrid|618326880|918425018|manzano51@mail.com|30/09/1980
112|70606768B|Manuel|Cantero|González|H|Plaza Absolución Interesante 13, 5º|Pinto|Madrid|28277|Madrid||91 695 30 34|mcantero@email.es|11/10/1992
113|91655384Q|Marcos|González|Ríos|H|Plaza Bacteria 211, 4|Fuenlabrada|Madrid|28779|Madrid|||m.gonzalez@mail.es|20/05/1933
114|28022620H|Mariano|Ruiz|Moreno|H|Avenida  Decisión 9, 6º|Torrejón de Ardoz|Madrid|28056|Madrid|626822356|91 773 05 40|mar.ruiz@email.com|30/01/1993
115|94661996E|María|Brito|Ortiz|M|Plaza  Perspicaz 152, 1|Madrid|Madrid|28332|Madrid|630888598|91 764 24 93|maria.brito@email.es|17/08/1993
116|39704806K|María Carmen|Pérez|González|M|Calle de  Abreviatura 59, 2º 2ª|Madrid|Madrid|28607|Madrid|||mari.perez@mail.net|09/12/1938
117|01022341Z|María Ángeles|Morillo|Atienza|M|Avenida Objetivo Respetuoso 126, 3|Las Rozas de Madrid|Madrid|28448|Madrid|669119221|91 572 81 95|mar.morillo@mail.es|27/11/1990
118|04166764S|María Ángeles|Moreno|Martínez|M|Calle el Sustantivo Mentiroso 98, 5|Madrid|Madrid|28359|Madrid|601246866|91 581 78 45|moreno97@email.net|17/07/1974
119|49656177M|Miguel|Flores|Sánchez|H|Plaza Perezoso 266, 3º 1ª|Madrid|Madrid|28408|Madrid|||miguelflores62@email.es|16/04/1937
120|00302055L|Pilar|García|Hernández|M|Calle Antecesor Abstracto 294, 2º|Madrid|Madrid|28451|Madrid||916-371-543|garcia20@email.net|05/06/1994
121|45842740Z|Rafael|Ramos|Girona|H|Calle Maleable Gentil 262, 2º|Madrid|Madrid|28680|Madrid|||ramos39@email.com|19/08/1938
122|08327428W|Ramón|Sáez|Sánchez|H|Avenida Tecnología Persistente 98, 2º|Madrid|Madrid|28854|Madrid|687366469||saez84@mail.com|03/01/1935
123|71794165X|Rubén|Galán|Nicolás|H|Calle Hepático 218, 3º 1ª|Madrid|Madrid|28920|Madrid|654-904-672||galan96@correo.es|08/05/1969
124|59217670F|Silvia|Ceballos|Díaz|M|Plaza de la Actitud 191, 1º|Madrid|Madrid|28269|Madrid|611-919-422||ceballos40@correo.com|14/04/1953
125|26225548M|Ángel|Díaz|Barral|H|Avenida Aliteración 228, 4º|Madrid|Madrid|28833|Madrid||911 716 004|adiaz@correo.net|13/08/1998
126|25531235Q|Ángela|Sáez|Cabezas|M|Paseo Audiovisual Cruel 105, 6º|Leganés|Madrid|28465|Madrid||917 962 041|angelasaez@email.net|11/02/1971
127|96253412E|Albert|Vázquez|Ortega|H|Paseo del Cívico Honesto 69, 4º|Vélez-Málaga|Málaga|29768|Andalucía|663 908 850||albert.vazquez@correo.es|01/11/1948
128|72167484Q|Antonio|Vargas|Cabrera|H|Plaza de  Invasor 32 bis, 6º|Málaga|Málaga|29704|Andalucía|||vargas44@correo.com|19/06/1934
129|26223856S|Fernando|De la Torre|Fresneda|H|Calle la Atribución Ansiosa 234, 6º 3ª|Málaga|Málaga|29342|Andalucía|628-510-764||fernandod@email.net|04/01/1948
130|82200106S|Javier|Morales|García|H|Paseo el Vestíbulo Etéreo 95, 1|Fuengirola|Málaga|29792|Andalucía|||jav.morales@correo.com|26/03/1959
131|11443162H|Juan|Calvo|Villalba|H|Avenida de la Celebración 111, 2|Torremolinos|Málaga|29691|Andalucía|648555471||juancalvo86@mail.es|16/04/1966
132|97677813X|María|Aranda|Suarez|M|Paseo la Parsimonia Negra 167, 5|Nerja|Málaga|29055|Andalucía||953739900|mariaaranda@email.net|09/02/1996
133|22952377X|Pedro|Caraballo|Alegría|H|Calle Concilio 13, 2º 2ª|Marbella|Málaga|29247|Andalucía||951594343|pedcaraballo11@mail.net|01/03/1980
134|91591408A|Pedro|González|Gutiérrez|H|Paseo de  Dihíbrido Malcriado 47, 1º 3ª|Málaga|Málaga|29506|Andalucía|643353803||pedrogonzalez@email.com|25/09/1948
135|04797995B|Roberto|Millán|Gallego|H|Plaza Júbilo 97, 3º|Málaga|Málaga|29477|Andalucía|||robmillan@correo.com|17/09/1936
136|23980244F|Beatriz|Pazos|Gutiérrez|M|Paseo del Origen Abierto 20, 6º 5ª|Cartagena|Murcia|30773|Murcia|648 272 188|968 515 087|bea.pazos@email.com|15/06/1983
137|59213630S|Francisco|Castro|Martínez|H|Avenida Inducción Fácil 204, 5º 3ª|Cartagena|Murcia|30236|Murcia|627-597-739||franciscocastro@correo.com|09/10/1967
138|69160340F|Jesús|González|González|H|Calle  Actividad Abstracta 200, 5|Lorca|Murcia|30203|Murcia|641591980|968865742|jgonzalez74@mail.com|29/01/1982
139|01788482W|María Elena|García|Sánchez|M|Plaza de  Beatificación Alta 286, 3º|Cartagena|Murcia|30948|Murcia||(968) 10 51 61|marigarcia20@mail.com|27/01/1990
140|38189671B|María Teresa|Garcés|Castells|M|Avenida Instructivo 182, 1|Murcia|Murcia|30102|Murcia|672057409|(968) 12 17 61|marigarces@email.net|15/01/1976
141|20590751R|Miguel|Navas|Mateo|H|Calle  Consideración Brillante 160, 6º|Murcia|Murcia|30932|Murcia|685415095||miguelnavas@mail.com|30/03/1938
142|25278638M|Francisco Javier|González|Larrañaga|H|Plaza  Distribución Responsable 248, 5º 2ª|Orense   |Orense|32823|Galicia||||
143|62029183T|Alejandro|Pérez|Arroyo|H|Plaza Nacionalismo 40, 6|Siero|Asturias|33900|Asturias|||alejandroperez@correo.es|08/03/1960
144|79391960P|Pablo|González|Alcaraz|H|Avenida Vacío 240, 1º|Oviedo|Asturias|33192|Asturias|632097576||pgonzalez@correo.es|07/11/1952
145|56288785B|Adrián|Monroy|Huertas|H|Calle Capacidad 238, 1|Palencia|Palencia|34447|Castilla y León|||amonroy@correo.net|02/09/1933
146|99809532C|Antonio|López|Blanco|H|Plaza Hidrógeno Albo 36, 2º|Las Palmas de G. C.|Las Palmas|35921|Canarias|||ant.lopez@correo.es|27/01/1940
147|61644546S|Marta|Rodríguez|García|M|Calle Ascendencia Ordenada 273, 5º|Gáldar|Las Palmas|35070|Canarias|||mrodriguez@mail.com|02/06/1946
148|79924775M|María Pilar|Lima|Sánchez|M|Plaza Concentración Resplandeciente 112, 1º 4ª|Las Palmas de G. C.|Las Palmas|35724|Canarias||928312545|marilima40@email.net|24/12/1973
149|96871137J|Sonia|Mínguez|Fuentes|M|Calle  Excreción Joven 76, 6º|Las Palmas de G. C.|Las Palmas|35726|Canarias|624246299|928792000|son.minguez@correo.es|01/03/1994
150|08421742Q|Tomas|Santana|Valdés|H|Plaza Nobiliario 232, 1º 4ª|Pájara|Las Palmas|35987|Canarias||928070575|t.santana@correo.com|03/03/1980
151|40097195F|Joan|Gómez|Vila|H|Avenida Explosión 97, 3|Vigo|Pontevedra|36386|Galicia|||gomez84@mail.com|14/07/1957
152|61273733P|Juana|Flores|Ramírez|M|Avenida Ascendencia 160, 1º 1ª|Lalín|Pontevedra|36704|Galicia|||juaflores@correo.com|13/04/1965
153|44337517A|Luis|Mihai|Santos|H|Plaza de  Enlace Venenoso 252, 2º 1ª|Villagarcía de Arosa|Pontevedra|36219|Galicia||986444017|mihai99@correo.es|15/01/1991
154|30039171K|Ana Cristina|Gómez|Ortiz|M|Plaza Prohibición Marrón 299, 5|Salamanca|Salamanca|37327|Castilla y León||923 234 338|angomez@mail.es|20/04/1985
155|28430841N|Enrique|Lozano|Domínguez|H|Paseo el Perspicaz Sonoro 257, 3|Salamanca|Salamanca|37171|Castilla y León|677-666-409||enr.lozano@email.net|14/03/1967
156|82017942B|María Teresa|Calleja|Macías|M|Paseo  Contribución 76, 3º|Salamanca|Salamanca|37046|Castilla y León||923746851|maricalleja100@email.es|30/08/1997
157|52451033Q|Jorge|Vázquez|Guerrero|H|Paseo Sucesión Viajera 143, 2º|Santa Cruz de Tenerife|S.C. de Tenerife|38284|Canarias|689664297||jvazquez20@mail.es|23/02/1963
158|69826758T|Nuria|Martin|García|M|Paseo el Laceramiento Inteligente 103, 4º|Adeje|S.C. de Tenerife|38427|Canarias|682282523|922893600|martin32@email.com|24/06/1983
159|20880032B|José Antonio|Gómez|Pombo|H|Paseo Acrobacia Resplandeciente 118 bis, 3º 2ª|Torrelavega|Cantabria|39058|Cantabria||942-885-919|jgomez18@correo.com|12/07/1997
160|48158143F|María Dolores|Ortega|Torres|M|Plaza  Abrasivo Sonoro 74, 3º 6ª|Santander|Cantabria|39980|Cantabria|661477843|942677778|mariadoloresortega30@correo.net|16/08/1996
161|42343207T|Alberto|Alcalde|García|H|Avenida Composición Bondadosa 155, 5|Sevilla|Sevilla|41683|Andalucía|667 505 414|956 271 646|albertoalcalde10@correo.com|07/12/1972
162|01066446M|Antonia|Ruiz|Buzón|M|Calle Adversidad 234, 6|Sevilla|Sevilla|41138|Andalucía||959 502 347|antruiz@mail.es|20/06/1981
163|56241656D|Antonio|Ortega|Márquez|H|Avenida  Zoología 218, 2|Sevilla|Sevilla|41168|Andalucía|||antortega86@correo.net|08/02/1964
164|96046908N|Eva|Leal|Salgueiro|M|Avenida de la Consigna Agotada 100, 4|Sevilla|Sevilla|41595|Andalucía|669-445-279|953-366-994|evaleal@mail.es|08/11/1980
165|42535078M|Jesús|Borras|Fernández|H|Calle Hecho 295, 5º|La Rinconada|Sevilla|41613|Andalucía|661-986-497|957-218-524|j.borras@correo.com|10/02/1979
166|54467776G|José Antonio|Domínguez|Reguera|H|Calle Adaptación 252, 2º|Lebrija|Sevilla|41135|Andalucía|||jdominguez14@correo.net|15/05/1934
167|15718619M|José María|Rodríguez|Domínguez|H|Plaza la Transcripción 17, 4º|Sevilla|Sevilla|41904|Andalucía|||josrodriguez24@email.es|23/07/1952
168|60012357K|Julián|Marrero|Jiménez|H|Avenida Decisión Azul 246, 1|Sevilla|Sevilla|41304|Andalucía|685147362|952999066|julian.marrero@mail.net|16/04/1987
169|19533673A|Luis|Carrasco|Castañeda|H|Calle el Divisible 154, 5|Tomares|Sevilla|41711|Andalucía|652082291|952939113|luis.carrasco@correo.com|27/12/1978
170|26524464J|Pablo|Quevedo|Del Campo|H|Paseo Vegetación 239, 1º 1ª|Sevilla|Sevilla|41516|Andalucía|649978515|958045906|pabquevedo56@correo.net|18/06/1974
171|37137099B|Teresa|De la Hoz|Trujillo|M|Calle Bifurcación Vieja 161, 4º|San Juan de Aznalfarache|Sevilla|41376|Andalucía|||terdelahoz88@correo.com|16/01/1955
172|88807474N|Álvaro|Jiménez|Hermida|H|Plaza Prohibición Veloz 108, 5|Sevilla|Sevilla|41764|Andalucía|||ajimenez16@email.es|16/10/1952
173|48034094C|Francisco|Viejo|Ramos|H|Avenida de  Transmisión Bonita 133 bis, 6º|Amposta|Tarragona|43773|Cataluña|613-282-324||franciscoviejo@mail.com|24/02/1953
174|71497385E|Jesús|Monje|Morente|H|Plaza de  Virus 296, 3º|Tarragona|Tarragona|43658|Cataluña|600449388|977428175|monje73@mail.com|16/01/1981
175|22519763A|Miguel Ángel|Sevilla|Feijoo|H|Calle del Triptongo 240, 4º|Tarragona|Tarragona|43568|Cataluña|672857519||miguelangelsevilla@correo.com|12/02/1933
176|07155566J|Yolanda|Martin|Navarro|M|Paseo de  Elaboración Eficiente 171, 4|Tarragona|Tarragona|43814|Cataluña|696962983||yolmartin@email.com|08/11/1969
177|97114999Y|Rafael|Rodríguez|Lujan|H|Avenida de  Hidrólisis Santa 234, 4|Talavera de la Reina|Toledo|45988|Castilla La Mancha|606330776|925853919|rrodriguez@email.es|06/06/1997
178|44041640K|Alejandro|Reyes|López|H|Avenida  Microorganismo 171, 4º|Oliva|Valencia|46396|Valencia|||alereyes@email.es|07/09/1964
179|16713528A|Ana María|Alfonso|Barquero|M|Calle la Partenogénesis 256, 3|Játiva|Valencia|46872|Valencia|657 250 485||analfonso88@email.com|28/12/1955
180|28610063H|Carmelo|Valverde|Fernández|H|Paseo de la Divulgación 17, 6º|Valencia|Valencia|46416|Valencia|608 073 615|966 099 583|carvalverde59@correo.com|13/04/1993
181|99366229L|Dolores|Zhu|Ayllón|M|Plaza Derivación 196, 3|Valencia|Valencia|46237|Valencia|658-003-019||dolzhu52@mail.net|20/01/1954
182|99093620Y|Fernando|Rodrigo|Ribera|H|Paseo Reversible 20, 6|Valencia|Valencia|46841|Valencia|677-632-521||ferrodrigo@correo.net|15/12/1951
183|16230596W|Francisco Javier|Martínez|Santana|H|Avenida Fotometría 91, 4º 6ª|Alacuás|Valencia|46902|Valencia|623-311-852||fra.martinez@correo.es|18/01/1955
184|44861405C|Jaime|Jiménez|Olivera|H|Plaza Inecuación Generosa 76, 5º|Alcira|Valencia|46102|Valencia|||jaijimenez33@email.com|12/10/1954
185|56511963C|Juan|Ramón|Gracia|H|Paseo de la Habladuría 259, 1º 4ª|Torrente|Valencia|46848|Valencia|697976120||ramon55@mail.com|26/01/1949
186|56766231T|Julián|Francisco|Ruiz|H|Avenida Único 111, 2º|Valencia|Valencia|46113|Valencia|639314570||julianfrancisco85@correo.com|09/05/1956
187|06666376X|Luis|Muñoz|López|H|Calle Medieval 39, 1º 6ª|Valencia|Valencia|46035|Valencia|||muñoz11@correo.es|30/06/1936
188|44205500Y|Manuel|Palacios|Fernández|H|Calle  Canción Ordenada 177, 6º 4ª|Valencia|Valencia|46882|Valencia|660075983||mpalacios@correo.es|21/08/1932
189|22008613M|María José|Casas|Moliner|M|Paseo el Icónico Santo 178, 1|Valencia|Valencia|46841|Valencia|684317273|967542182|mar.casas@email.com|18/01/1986
190|38659762M|Rubén|Ortega|Romero|H|Paseo Triptongo 273, 3|Valencia|Valencia|46322|Valencia|608200715||rubortega@correo.es|08/08/1958
191|53511993D|Cristina|Martínez|Rojas|M|Avenida  Admisión 5, 4º|Valladolid|Valladolid|47952|Castilla y León|699-464-774||cristinamartinez55@mail.net|28/11/1953
192|85062873H|Francisco Javier|Galera|Tudela|H|Avenida Deslizamiento Frío 170, 6º|Valladolid|Valladolid|47193|Castilla y León|||f.galera@correo.es|11/03/1939
193|54057227M|Marta|Valverde|Guisado|M|Calle Expresiva 171, 3º 4ª|Valladolid|Valladolid|47322|Castilla y León|625242920|983587915|martavalverde@mail.net|19/07/1996
194|12886287P|Marta|Ramis|Muñoz|M|Paseo de lo Abovedado Audaz 142, 1|Lejona|Vizcaya|48655|País Vasco|642495170||marramis62@email.net|06/10/1953
195|48712440G|María José|Martínez|Serra|M|Calle de  Reconocimiento Deportivo 135, 6º|Bilbao|Vizcaya|48133|País Vasco|690747457|943785677|martinez44@mail.es|28/12/1972
196|88501155F|María Rosario|García|Ribera|M|Avenida Flagelo 80, 1º 6ª|Bilbao|Vizcaya|48266|País Vasco|608292972||margarcia@email.com|22/08/1948
197|44525818A|Purificación|Rodríguez|Torres|M|Plaza Verbo 258, 2º 4ª|Bilbao|Vizcaya|48660|País Vasco|||rodriguez11@correo.es|01/05/1945
198|47694054N|Carmen|Castelo|Ibáñez|M|Avenida Tubérculo 163, 6º 1ª|Zaragoza|Zaragoza|50832|Aragón|639 839 470||carmencastelo@correo.net|12/01/1940
199|40169914T|María Ángeles|Benítez|Contreras|M|Calle de  Dibujo 207, 3º 4ª|Zaragoza|Zaragoza|50366|Aragón|||maribenitez62@mail.com|22/11/1967
200|63551397M|Miguel|Guerrero|López|H|Paseo Disciplina 245, 6|Zaragoza|Zaragoza|50624|Aragón|662-267-322|976-569-481|guerrero50@email.es|30/10/1976
